<?xml version="1.0" encoding="utf-8" ?><dwsync><file name="0.wav" server="cbksites.com.br//" local="3479921205" remote="318763443872025132" Dst="-1" /><file name="1.wav" server="cbksites.com.br//" local="3479921206" remote="318763443872025132" Dst="-1" /><file name="10.wav" server="cbksites.com.br//" local="3479921208" remote="318763443872025132" Dst="-1" /><file name="11.wav" server="cbksites.com.br//" local="3479921208" remote="318763443872025132" Dst="-1" /><file name="12.wav" server="cbksites.com.br//" local="3479921209" remote="318763443872025132" Dst="-1" /><file name="13.wav" server="cbksites.com.br//" local="3479921211" remote="318763443872025132" Dst="-1" /><file name="14.wav" server="cbksites.com.br//" local="3479921211" remote="318763443872025132" Dst="-1" /><file name="15.wav" server="cbksites.com.br//" local="3479921211" remote="318763443872025132" Dst="-1" /><file name="17.wav" server="cbksites.com.br//" local="3479921214" remote="318763443872025132" Dst="-1" /><file name="16.wav" server="cbksites.com.br//" local="3479921214" remote="318763443872025132" Dst="-1" /><file name="18.wav" server="cbksites.com.br//" local="3479921215" remote="318763443872025132" Dst="-1" /><file name="19.wav" server="cbksites.com.br//" local="3479921217" remote="318763443872025132" Dst="-1" /><file name="2.wav" server="cbksites.com.br//" local="3479921217" remote="318763443872025132" Dst="-1" /><file name="20.wav" server="cbksites.com.br//" local="3479921217" remote="318763443872025132" Dst="-1" /><file name="3.wav" server="cbksites.com.br//" local="3479921220" remote="318763443872025132" Dst="-1" /><file name="4.wav" server="cbksites.com.br//" local="3479921220" remote="318763443872025192" Dst="-1" /><file name="5.wav" server="cbksites.com.br//" local="3479921220" remote="318763443872025192" Dst="-1" /><file name="6.wav" server="cbksites.com.br//" local="3479921223" remote="318763443872025192" Dst="-1" /><file name="7.wav" server="cbksites.com.br//" local="3479921223" remote="318763443872025192" Dst="-1" /><file name="8.wav" server="cbksites.com.br//" local="3479921224" remote="318763443872025192" Dst="-1" /><file name="9.wav" server="cbksites.com.br//" local="3479921224" remote="318763443872025192" Dst="-1" /><file name="A.wav" server="cbksites.com.br//" local="3479921226" remote="318763443872025192" Dst="-1" /><file name="B.wav" server="cbksites.com.br//" local="3479921226" remote="318763443872025192" Dst="-1" /><file name="C.wav" server="cbksites.com.br//" local="3479921228" remote="318763443872025192" Dst="-1" /><file name="E.wav" server="cbksites.com.br//" local="3479921230" remote="318763443872025192" Dst="-1" /><file name="D.wav" server="cbksites.com.br//" local="3479921231" remote="318763443872025192" Dst="-1" /><file name="F.wav" server="cbksites.com.br//" local="3479921231" remote="318763443872025192" Dst="-1" /><file name="G.wav" server="cbksites.com.br//" local="3479921233" remote="318763443872025192" Dst="-1" /><file name="H.wav" server="cbksites.com.br//" local="3479921233" remote="318763443872025192" Dst="-1" /><file name="I.wav" server="cbksites.com.br//" local="3479921235" remote="318763443872025192" Dst="-1" /><file name="J.wav" server="cbksites.com.br//" local="3479921236" remote="318763443872025192" Dst="-1" /><file name="K.wav" server="cbksites.com.br//" local="3479921236" remote="318763443872025192" Dst="-1" /><file name="L.wav" server="cbksites.com.br//" local="3479921239" remote="318763443872025192" Dst="-1" /><file name="M.wav" server="cbksites.com.br//" local="3479921239" remote="318763443872025192" Dst="-1" /><file name="MINUS.wav" server="cbksites.com.br//" local="3479921239" remote="318763443872025192" Dst="-1" /><file name="N.wav" server="cbksites.com.br//" local="3479921242" remote="318763443872025192" Dst="-1" /><file name="P.wav" server="cbksites.com.br//" local="3479921242" remote="318763443872025192" Dst="-1" /><file name="O.wav" server="cbksites.com.br//" local="3479921242" remote="318763443872025192" Dst="-1" /><file name="PLUS.wav" server="cbksites.com.br//" local="3479921245" remote="318763443872025192" Dst="-1" /><file name="Q.wav" server="cbksites.com.br//" local="3479921245" remote="318763443872025192" Dst="-1" /><file name="R.wav" server="cbksites.com.br//" local="3479921245" remote="318763443872025192" Dst="-1" /><file name="T.wav" server="cbksites.com.br//" local="3479921248" remote="318763443872025192" Dst="-1" /><file name="S.wav" server="cbksites.com.br//" local="3479921249" remote="318763443872025192" Dst="-1" /><file name="TIMES.wav" server="cbksites.com.br//" local="3479921249" remote="318763443872025192" Dst="-1" /><file name="U.wav" server="cbksites.com.br//" local="3479921251" remote="318763443872025192" Dst="-1" /><file name="V.wav" server="cbksites.com.br//" local="3479921251" remote="318763443872025192" Dst="-1" /><file name="W.wav" server="cbksites.com.br//" local="3479921252" remote="318763443872025192" Dst="-1" /><file name="X.wav" server="cbksites.com.br//" local="3479921253" remote="318763443872025192" Dst="-1" /><file name="Y.wav" server="cbksites.com.br//" local="3479921254" remote="318763443872025192" Dst="-1" /><file name="Z.wav" server="cbksites.com.br//" local="3479921255" remote="318763443872025192" Dst="-1" /><file name="error.wav" server="cbksites.com.br//" local="3479921258" remote="318763443872025192" Dst="-1" /></dwsync>