<?xml version="1.0" encoding="utf-8" ?><dwsync><file name="LICENSE.txt" server="cbksites.com.br//" local="3479921199" remote="318763443872025372" Dst="-1" /><file name="README.FONT.txt" server="cbksites.com.br//" local="3479921199" remote="318763443872025372" Dst="-1" /><file name="AHGBold.ttf" server="cbksites.com.br//" local="3479921199" remote="318763443872025132" Dst="-1" /><file name="README.md" server="cbksites.com.br//" local="3479921201" remote="318763443872025432" Dst="-1" /><file name="README.txt" server="cbksites.com.br//" local="3479921201" remote="318763443872025432" Dst="-1" /><file name="WavFile.php" server="cbksites.com.br//" local="3479921206" remote="318763443872025432" Dst="-1" /><file name="captcha.html" server="cbksites.com.br//" local="3479921280" remote="318763443872025372" Dst="-1" /><file name="composer.json" server="cbksites.com.br//" local="3479921282" remote="318763443872025372" Dst="-1" /><file name="example_form.ajax.php" server="cbksites.com.br//" local="3479921285" remote="318763443872025372" Dst="-1" /><file name="example_form.php" server="cbksites.com.br//" local="3479921286" remote="318763443872025372" Dst="-1" /><file name="securimage_play.php" server="cbksites.com.br//" local="3479921304" remote="318763443872025432" Dst="-1" /><file name="securimage_play.swf" server="cbksites.com.br//" local="3479921304" remote="318763443872025432" Dst="-1" /><file name="securimage.php" server="cbksites.com.br//" local="3479921306" remote="318763443872025432" Dst="-1" /><file name="securimage_show.php" server="cbksites.com.br//" local="3479921306" remote="318763443872025432" Dst="-1" /></dwsync>