<?xml version="1.0" encoding="utf-8" ?><dwsync><file name="display_value.php" server="cbksites.com.br//" local="3479921286" remote="318763443872025372" Dst="-1" /><file name="securimage_show_example.php" server="cbksites.com.br//" local="3479921289" remote="318763443872025372" Dst="-1" /><file name="multiple_words.php" server="cbksites.com.br//" local="3479921290" remote="318763443872025372" Dst="-1" /><file name="securimage_show_example2.php" server="cbksites.com.br//" local="3479921290" remote="318763443872025372" Dst="-1" /><file name="static_captcha.php" server="cbksites.com.br//" local="3479921292" remote="318763443872025372" Dst="-1" /><file name="test.mysql.php" server="cbksites.com.br//" local="3479921293" remote="318763443872025372" Dst="-1" /><file name="test.mysql.static.php" server="cbksites.com.br//" local="3479921293" remote="318763443872025372" Dst="-1" /><file name="test.sqlite.php" server="cbksites.com.br//" local="3479921296" remote="318763443872025372" Dst="-1" /><file name="test.pgsql.php" server="cbksites.com.br//" local="3479921296" remote="318763443872025372" Dst="-1" /></dwsync>